Source path,Class name,Line count,Method count,Field count,WMC,LCOM4,TCC,CBO,Maintainability index
src/main/java/com/yourorg/AppendToReleaseNotes.java,com.yourorg.AppendToReleaseNotes,71,6,3,11,6,0.0,17,62.03466274398897
src/main/java/com/yourorg/AssertEqualsToAssertThat.java,com.yourorg.AssertEqualsToAssertThat,49,2,3,8,2,0.0,15,48.653193062919826
src/main/java/com/yourorg/BootstrapIntoApplication.java,com.yourorg.BootstrapIntoApplication,154,6,3,9,6,0.0,26,53.70227918960754
src/main/java/com/yourorg/ClassHierarchy.java,com.yourorg.ClassHierarchy,40,2,3,8,2,0.0,10,53.134592530657706
src/main/java/com/yourorg/EqualsAvoidsNull.java,com.yourorg.EqualsAvoidsNull,40,3,0,4,3,0.0,2,66.7125813854069
src/main/java/com/yourorg/FindSensitiveDataInLogs.java,com.yourorg.FindSensitiveDataInLogs,78,5,6,10,4,0.1,24,56.38510282195358
src/main/java/com/yourorg/FindSpringBeans.java,com.yourorg.FindSpringBeans,33,1,3,1,1,1.0,13,48.94353869068137
src/main/java/com/yourorg/NoGuavaListsNewArrayList.java,com.yourorg.NoGuavaListsNewArrayList,91,3,5,9,2,0.3333333333333333,15,48.23160035248163
src/main/java/com/yourorg/TrackJavaTodos.java,com.yourorg.TrackJavaTodos,20,2,2,2,2,0.0,3,66.05325881807589
src/main/java/com/yourorg/TrackJavaTodosFile.java,com.yourorg.TrackJavaTodosFile,43,4,3,4,4,0.0,3,71.73224359661859
src/main/java/com/yourorg/TrackTodos.java,com.yourorg.TrackTodos,46,4,4,4,4,0.0,3,71.09332619960828
src/main/java/com/yourorg/UpdateConcoursePipeline.java,com.yourorg.UpdateConcoursePipeline,62,2,3,24,2,0.0,12,45.01037472698381
src/main/java/com/yourorg/UseSdkManJavaVersion.java,com.yourorg.UseSdkManJavaVersion,76,6,2,18,6,0.0,17,59.54500218401074
src/main/java/com/yourorg/UseStringBuilderForLocalStringBuffer.java,com.yourorg.UseStringBuilderForLocalStringBuffer,152,10,4,57,3,0.3333333333333333,30,54.05184058004454
src/main/java/com/yourorg/table/ClassHierarchyReport.java,com.yourorg.table.ClassHierarchyReport,28,1,0,1,1,1.0,1,60.84136878817471
src/main/java/com/yourorg/table/SensitiveDataInLogsReport.java,com.yourorg.table.SensitiveDataInLogsReport,23,1,0,1,1,1.0,1,62.704939996821544
src/main/java/com/yourorg/table/SpringBeansReport.java,com.yourorg.table.SpringBeansReport,19,1,0,1,1,1.0,1,64.51493697667878
src/main/java/com/yourorg/table/TodoCommentsReport.java,com.yourorg.table.TodoCommentsReport,23,1,0,1,1,1.0,1,62.704939996821544
src/test/kotlin/com/yourorg/FindPrintlnOutsideMainTest.kt,com.yourorg.FindPrintlnOutsideMainTest,35,3,0,3,3,0.0,3,68.48301702429221
src/test/kotlin/com/yourorg/UseModernCharacterChecksTest.kt,com.yourorg.UseModernCharacterChecksTest,64,5,0,5,5,0.0,4,67.18933885150904
src/test/java/com/yourorg/AppendToReleaseNotesTest.java,com.yourorg.AppendToReleaseNotesTest,41,3,0,3,3,0.0,6,63.76440163967578
src/test/java/com/yourorg/AssertEqualsToAssertThatTest.java,com.yourorg.AssertEqualsToAssertThatTest,64,3,0,3,3,0.0,6,60.92223938295075
src/test/java/com/yourorg/BootstrapIntoApplicationTest.java,com.yourorg.BootstrapIntoApplicationTest,96,4,0,4,4,0.0,7,55.04607797723275
src/test/java/com/yourorg/ClassHierarchyTest.java,com.yourorg.ClassHierarchyTest,63,4,0,4,4,0.0,9,59.40632295368547
src/test/java/com/yourorg/EqualsAvoidsNullTest.java,com.yourorg.EqualsAvoidsNullTest,72,3,0,3,3,0.0,4,61.978972652077815
src/test/java/com/yourorg/FindSensitiveDataInLogsTest.java,com.yourorg.FindSensitiveDataInLogsTest,164,5,1,5,2,0.6,12,54.10979775041243
src/test/java/com/yourorg/FindSpringBeansTest.java,com.yourorg.FindSpringBeansTest,84,2,0,2,2,0.0,12,49.57659691991963
src/test/java/com/yourorg/NoGuavaListsNewArrayListTest.java,com.yourorg.NoGuavaListsNewArrayListTest,154,6,0,6,6,0.0,6,58.43762288450192
src/test/java/com/yourorg/SimplifyTernaryTest.java,com.yourorg.SimplifyTernaryTest,91,3,0,3,3,0.0,4,59.76029845470187
src/test/java/com/yourorg/StringIsEmptyTest.java,com.yourorg.StringIsEmptyTest,144,6,0,6,6,0.0,4,60.14000727856172
src/test/java/com/yourorg/TrackJavaTodosFileTest.java,com.yourorg.TrackJavaTodosFileTest,109,4,0,4,4,0.0,7,56.37403345131938
src/test/java/com/yourorg/TrackJavaTodosTest.java,com.yourorg.TrackJavaTodosTest,35,2,0,2,2,0.0,8,59.16137893926652
src/test/java/com/yourorg/TrackTodosTest.java,com.yourorg.TrackTodosTest,249,7,0,7,7,0.0,13,49.69307937061999
src/test/java/com/yourorg/UpdateConcoursePipelineTest.java,com.yourorg.UpdateConcoursePipelineTest,32,1,0,1,1,1.0,6,53.431866571046356
src/test/java/com/yourorg/UseApacheStringUtilsTest.java,com.yourorg.UseApacheStringUtilsTest,58,3,0,3,3,0.0,5,60.70095674151284
src/test/java/com/yourorg/UseIntegerValueOfTest.java,com.yourorg.UseIntegerValueOfTest,45,3,0,3,3,0.0,4,66.13986350224971
src/test/java/com/yourorg/UseOpenRewriteNullableTest.java,com.yourorg.UseOpenRewriteNullableTest,39,2,0,2,2,0.0,6,59.993787460608694
src/test/java/com/yourorg/UseSdkManJavaVersionTest.java,com.yourorg.UseSdkManJavaVersionTest,241,8,0,8,8,0.0,7,53.55545303082386
src/test/java/com/yourorg/UseStringBuilderForLocalStringBufferTest.java,com.yourorg.UseStringBuilderForLocalStringBufferTest,145,8,0,8,8,0.0,4,64.83650280596508
