Library,Top-level package,Usage pattern,Common classes,Import count,Example usage
com.fasterxml.jackson.core:jackson-annotations:2.21,com.fasterxml.jackson.core,,JsonIgnoreType,1,
com.google.errorprone:error_prone_core:2.50.0,com.google.errorprone,,"AfterTemplate, BeforeTemplate",1,
org.jetbrains.kotlin:kotlin-stdlib:2.4.20,org.jetbrains.kotlin,,"Suppress, KClass",1,
org.jetbrains:annotations:26.1.0,org.jetbrains,,Language,1,
org.jspecify:jspecify:1.0.1,org.jspecify,,"Nullable, NullMarked",1,
org.junit.jupiter:junit-jupiter-api:6.1.3,org.junit.jupiter,,"Test, Disabled",1,
org.openrewrite.meta:rewrite-analysis:2.38.1,org.openrewrite.meta,,"DataFlowNode, DataFlowSpec, Dataflow, FindLocalFlowPaths, InvocationMatcher, SinkFlowSummary, TaintFlowSpec",1,
org.openrewrite:rewrite-core:8.92.8,org.openrewrite,,"TreeVisitor, DocumentExample, Recipe, ExecutionContext, ScanningRecipe, DataTable, Preconditions, Option",1,
org.openrewrite:rewrite-java:8.92.8,org.openrewrite,,"JavaIsoVisitor, J, JavaParser, J.MethodInvocation, MethodMatcher, UsesMethod, UsesType, Expression",1,
org.openrewrite:rewrite-templating:1.45.2,org.openrewrite,,"Matcher, RecipeDescriptor, Matches, NotMatches",1,
org.openrewrite:rewrite-test:8.92.8,org.openrewrite,,"RecipeSpec, RewriteTest, SourceSpec, UncheckedConsumer",1,
org.openrewrite:rewrite-xml:8.92.8,org.openrewrite,,Xml,1,
org.openrewrite:rewrite-yaml:8.92.8,org.openrewrite,,"YamlIsoVisitor, Yaml, ChangePropertyValue, MergeYaml, Yaml.Block, Yaml.Documents, Yaml.Mapping, Yaml.Mapping.Entry",1,
org.projectlombok:lombok:1.18.48,org.projectlombok,,"Value, EqualsAndHashCode, Getter",1,
