Build tool,Path,Group id,Artifact id,Version,Dependency group id,Dependency artifact id,Dependency version,Direct Dependency,Resolution failure
Gradle,build.gradle.kts,com.yourorg,rewrite-recipe-starter,0.1.0-dev.358+d56b003,org.openrewrite.recipe,rewrite-recipe-bom,3.40.0,true,
Gradle,build.gradle.kts,com.yourorg,rewrite-recipe-starter,0.1.0-dev.358+d56b003,org.openrewrite,rewrite-templating,1.45.2,true,
Gradle,build.gradle.kts,com.yourorg,rewrite-recipe-starter,0.1.0-dev.358+d56b003,org.springframework,spring-context,7.0.9,true,
Gradle,build.gradle.kts,com.yourorg,rewrite-recipe-starter,0.1.0-dev.358+d56b003,org.springframework,spring-aop,7.0.9,false,
Gradle,build.gradle.kts,com.yourorg,rewrite-recipe-starter,0.1.0-dev.358+d56b003,org.springframework,spring-beans,7.0.9,false,
Gradle,build.gradle.kts,com.yourorg,rewrite-recipe-starter,0.1.0-dev.358+d56b003,org.springframework,spring-core,7.0.9,false,
Gradle,build.gradle.kts,com.yourorg,rewrite-recipe-starter,0.1.0-dev.358+d56b003,commons-logging,commons-logging,1.3.5,false,
Gradle,build.gradle.kts,com.yourorg,rewrite-recipe-starter,0.1.0-dev.358+d56b003,org.jspecify,jspecify,1.0.1,false,
Gradle,build.gradle.kts,com.yourorg,rewrite-recipe-starter,0.1.0-dev.358+d56b003,org.springframework,spring-expression,7.0.9,false,
Gradle,build.gradle.kts,com.yourorg,rewrite-recipe-starter,0.1.0-dev.358+d56b003,io.micrometer,micrometer-observation,1.16.7,false,
Gradle,build.gradle.kts,com.yourorg,rewrite-recipe-starter,0.1.0-dev.358+d56b003,io.micrometer,micrometer-commons,1.16.7,false,
Gradle,build.gradle.kts,com.yourorg,rewrite-recipe-starter,0.1.0-dev.358+d56b003,com.google.guava,guava,33.7.2-jre,true,
Gradle,build.gradle.kts,com.yourorg,rewrite-recipe-starter,0.1.0-dev.358+d56b003,com.google.guava,failureaccess,1.0.3,false,
Gradle,build.gradle.kts,com.yourorg,rewrite-recipe-starter,0.1.0-dev.358+d56b003,com.google.guava,listenablefuture,9999.0-empty-to-avoid-conflict-with-guava,false,
Gradle,build.gradle.kts,com.yourorg,rewrite-recipe-starter,0.1.0-dev.358+d56b003,com.google.errorprone,error_prone_annotations,2.50.0,false,
Gradle,build.gradle.kts,com.yourorg,rewrite-recipe-starter,0.1.0-dev.358+d56b003,com.google.j2objc,j2objc-annotations,3.1,false,
Gradle,build.gradle.kts,com.yourorg,rewrite-recipe-starter,0.1.0-dev.358+d56b003,org.jetbrains.kotlin,kotlin-test,2.4.20,true,
Gradle,build.gradle.kts,com.yourorg,rewrite-recipe-starter,0.1.0-dev.358+d56b003,org.jetbrains.kotlin,kotlin-stdlib,2.4.20,false,
Gradle,build.gradle.kts,com.yourorg,rewrite-recipe-starter,0.1.0-dev.358+d56b003,org.jetbrains,annotations,26.1.0,false,
Gradle,build.gradle.kts,com.yourorg,rewrite-recipe-starter,0.1.0-dev.358+d56b003,org.openrewrite,rewrite-kotlin,8.92.8,true,
Gradle,build.gradle.kts,com.yourorg,rewrite-recipe-starter,0.1.0-dev.358+d56b003,org.openrewrite,rewrite-java-21,8.92.8,true,
Gradle,build.gradle.kts,com.yourorg,rewrite-recipe-starter,0.1.0-dev.358+d56b003,org.openrewrite,rewrite-core,8.92.8,false,
Gradle,build.gradle.kts,com.yourorg,rewrite-recipe-starter,0.1.0-dev.358+d56b003,org.openrewrite.tools,jgit,1.8.0,false,
Gradle,build.gradle.kts,com.yourorg,rewrite-recipe-starter,0.1.0-dev.358+d56b003,com.fasterxml.jackson.core,jackson-core,2.21.7,false,
Gradle,build.gradle.kts,com.yourorg,rewrite-recipe-starter,0.1.0-dev.358+d56b003,com.fasterxml.jackson,jackson-bom,2.21.7,false,
Gradle,build.gradle.kts,com.yourorg,rewrite-recipe-starter,0.1.0-dev.358+d56b003,com.fasterxml.jackson.core,jackson-databind,2.21.7,false,
Gradle,build.gradle.kts,com.yourorg,rewrite-recipe-starter,0.1.0-dev.358+d56b003,com.fasterxml.jackson.core,jackson-annotations,2.21,false,
Gradle,build.gradle.kts,com.yourorg,rewrite-recipe-starter,0.1.0-dev.358+d56b003,com.fasterxml.jackson.dataformat,jackson-dataformat-smile,2.21.7,false,
Gradle,build.gradle.kts,com.yourorg,rewrite-recipe-starter,0.1.0-dev.358+d56b003,com.fasterxml.jackson.module,jackson-module-parameter-names,2.21.7,false,
Gradle,build.gradle.kts,com.yourorg,rewrite-recipe-starter,0.1.0-dev.358+d56b003,com.fasterxml.jackson.datatype,jackson-datatype-jsr310,2.21.7,false,
Gradle,build.gradle.kts,com.yourorg,rewrite-recipe-starter,0.1.0-dev.358+d56b003,org.openrewrite,rewrite-java,8.92.8,false,
Gradle,build.gradle.kts,com.yourorg,rewrite-recipe-starter,0.1.0-dev.358+d56b003,org.openrewrite,rewrite-yaml,8.92.8,false,
Gradle,build.gradle.kts,com.yourorg,rewrite-recipe-starter,0.1.0-dev.358+d56b003,io.micrometer,micrometer-core,1.9.17,false,
Gradle,build.gradle.kts,com.yourorg,rewrite-recipe-starter,0.1.0-dev.358+d56b003,org.hdrhistogram,HdrHistogram,2.1.12,false,
Gradle,build.gradle.kts,com.yourorg,rewrite-recipe-starter,0.1.0-dev.358+d56b003,org.openrewrite,rewrite-java-lombok,8.92.8,false,
Gradle,build.gradle.kts,com.yourorg,rewrite-recipe-starter,0.1.0-dev.358+d56b003,org.projectlombok,lombok,1.18.48,false,
Gradle,build.gradle.kts,com.yourorg,rewrite-recipe-starter,0.1.0-dev.358+d56b003,io.github.classgraph,classgraph,4.8.196,false,
Gradle,build.gradle.kts,com.yourorg,rewrite-recipe-starter,0.1.0-dev.358+d56b003,org.ow2.asm,asm,9.10.1,false,
Gradle,build.gradle.kts,com.yourorg,rewrite-recipe-starter,0.1.0-dev.358+d56b003,org.openrewrite,rewrite-java-25,8.92.8,true,
Gradle,build.gradle.kts,com.yourorg,rewrite-recipe-starter,0.1.0-dev.358+d56b003,org.assertj,assertj-core,3.27.7,true,
Gradle,build.gradle.kts,com.yourorg,rewrite-recipe-starter,0.1.0-dev.358+d56b003,net.bytebuddy,byte-buddy,1.18.3,false,
Gradle,build.gradle.kts,com.yourorg,rewrite-recipe-starter,0.1.0-dev.358+d56b003,org.openrewrite.recipe,rewrite-java-dependencies,1.63.0,true,
Gradle,build.gradle.kts,com.yourorg,rewrite-recipe-starter,0.1.0-dev.358+d56b003,org.junit.jupiter,junit-jupiter-engine,6.1.3,true,
Gradle,build.gradle.kts,com.yourorg,rewrite-recipe-starter,0.1.0-dev.358+d56b003,org.junit,junit-bom,6.1.3,false,
Gradle,build.gradle.kts,com.yourorg,rewrite-recipe-starter,0.1.0-dev.358+d56b003,org.junit.platform,junit-platform-engine,6.1.3,false,
Gradle,build.gradle.kts,com.yourorg,rewrite-recipe-starter,0.1.0-dev.358+d56b003,org.opentest4j,opentest4j,1.3.0,false,
Gradle,build.gradle.kts,com.yourorg,rewrite-recipe-starter,0.1.0-dev.358+d56b003,org.junit.platform,junit-platform-commons,6.1.3,false,
Gradle,build.gradle.kts,com.yourorg,rewrite-recipe-starter,0.1.0-dev.358+d56b003,org.apiguardian,apiguardian-api,1.1.2,false,
Gradle,build.gradle.kts,com.yourorg,rewrite-recipe-starter,0.1.0-dev.358+d56b003,org.junit.jupiter,junit-jupiter-api,6.1.3,false,
Gradle,build.gradle.kts,com.yourorg,rewrite-recipe-starter,0.1.0-dev.358+d56b003,org.apache.commons,commons-lang3,3.21.0,true,
Gradle,build.gradle.kts,com.yourorg,rewrite-recipe-starter,0.1.0-dev.358+d56b003,org.openrewrite,rewrite-java-17,8.92.8,true,
Gradle,build.gradle.kts,com.yourorg,rewrite-recipe-starter,0.1.0-dev.358+d56b003,org.openrewrite,rewrite-test,8.92.8,true,
Gradle,build.gradle.kts,com.yourorg,rewrite-recipe-starter,0.1.0-dev.358+d56b003,org.junit.jupiter,junit-jupiter-params,6.1.3,false,
Gradle,build.gradle.kts,com.yourorg,rewrite-recipe-starter,0.1.0-dev.358+d56b003,org.openrewrite.meta,rewrite-analysis,2.38.1,true,
Gradle,build.gradle.kts,com.yourorg,rewrite-recipe-starter,0.1.0-dev.358+d56b003,org.functionaljava,functionaljava,5.0,false,
Gradle,build.gradle.kts,com.yourorg,rewrite-recipe-starter,0.1.0-dev.358+d56b003,org.junit.platform,junit-platform-launcher,6.1.3,true,
Gradle,build.gradle.kts,com.yourorg,rewrite-recipe-starter,0.1.0-dev.358+d56b003,ch.qos.logback,logback-classic,1.5.38,true,
Gradle,build.gradle.kts,com.yourorg,rewrite-recipe-starter,0.1.0-dev.358+d56b003,ch.qos.logback,logback-core,1.5.38,false,
Gradle,build.gradle.kts,com.yourorg,rewrite-recipe-starter,0.1.0-dev.358+d56b003,org.slf4j,slf4j-api,2.0.17,false,
Gradle,build.gradle.kts,com.yourorg,rewrite-recipe-starter,0.1.0-dev.358+d56b003,org.openrewrite,rewrite-xml,8.92.8,true,
